"Census Subdivision (Municipal) Population Estimates, July 1, 2016 to 2024, Alberta",,,,,,,,,,,,
,,,,,,,,,,,,
,,,,,,,,,,,,
Census Division,Census Subdivision,Area Name,Type,2016,2017,2018,2019,2020,2021,2022,2023,2024
4801,4801003,Cypress County,MD,7849,7877,7833,7838,7830,7751,7785,7789,7790
4801,4801006,Medicine Hat,CY,64780,64964,65134,65279,65391,65266,65291,66213,67909
4801,4801008,Forty Mile County No. 8,MD,3660,3602,3637,3667,3650,3725,3785,3841,3829
4801,4801009,Foremost,VL,552,489,519,501,502,517,517,531,537
4801,4801014,Bow Island,T,2029,2024,2016,1973,1956,2106,2129,2138,2169
4801,4801018,Redcliff,T,5729,5744,5796,5826,5814,5768,5823,5913,5911
4802,4802001,Warner County No. 51 *,MD,4048,4101,4133,4160,4180,4423,4403,4455,4441
4802,4802002,Coutts,VL,248,211,208,208,205,228,233,244,259
4802,4802004,Milk River,T,841,755,758,756,735,844,852,844,843
4802,4802006,Warner,VL,381,335,337,331,331,371,366,374,386
4802,4802008,Raymond1 *,T,3799,3829,3878,3950,4010,4334,4455,4502,4510
4802,4802009,Stirling,VL,1001,992,1026,1037,1061,1205,1209,1243,1312
4802,4802011,Lethbridge County3 *,MD,10613,10580,10795,10793,10893,10463,10529,10643,10784
4802,4802012,Lethbridge,CY,95521,97241,99011,100761,102239,102097,103925,106955,111400
4802,4802013,Coalhurst,T,2755,2791,2843,2927,2998,2994,3106,3167,3216
4802,4802014,Nobleford,T,1317,1312,1292,1402,1446,1495,1561,1627,1648
4802,4802016,Barons,VL,350,315,325,301,288,324,325,326,327
4802,4802018,Picture Butte,T,1860,1812,1858,1944,2045,2008,2130,2275,2361
4802,4802019,Coaldale3 *,T,8461,8503,8645,8920,9070,9073,9179,9300,9433
4802,4802021,Taber,MD,7292,7454,7528,7470,7496,7697,7751,7851,7934
4802,4802022,Taber,T,8663,8822,8952,8957,8942,9177,9325,9653,9853
4802,4802023,Barnwell,VL,975,902,942,991,1037,1008,1026,1044,1063
4802,4802029,Vauxhall,T,1253,1216,1215,1257,1285,1330,1384,1414,1442
4802,4802031,Newell County,MD,7719,7707,7606,7644,7625,7669,7716,7733,7731
4802,4802034,Brooks,CY,14897,14968,14945,15079,15190,15436,15356,16026,16918
4802,4802036,Duchess,VL,1108,1035,1077,1083,1076,1089,1114,1085,1061
4802,4802038,Rosemary,VL,406,345,360,357,357,383,381,379,377
4802,4802039,Bassano,T,1232,1150,1148,1146,1115,1250,1255,1304,1348
4803,4803001,Cardston County6 *,MD,4594,4751,4799,4887,4924,4987,4936,4887,4886
4803,4803002,Magrath,T,2430,2464,2536,2599,2607,2560,2522,2529,2535
4803,4803003,Improvement District No. 4 Waterton,ID,108,96,107,98,94,138,140,142,144
4803,4803004,Cardston6 *,T,3654,3760,3799,3735,3687,3822,3828,3853,3893
4803,4803006,Glenwood,VL,322,282,295,311,311,278,285,292,294
4803,4803008,Hill Spring,VL,164,148,159,162,163,172,175,178,181
4803,4803011,Pincher Creek No. 9,MD,3014,3086,3129,3188,3256,3329,3339,3333,3262
4803,4803014,Pincher Creek,T,3721,3829,3787,3757,3702,3728,3775,3862,3901
4803,4803016,Cowley,VL,214,188,186,177,171,222,216,219,210
4803,4803018,Willow Creek No. 261 5 8 *,MD,5278,5488,5602,5679,5736,6254,6249,6219,6207
4803,4803019,Fort Macleod,T,3034,3113,3143,3160,3233,3402,3499,3622,3794
4803,4803021,Granum5 *,T,414,406,420,438,441,--,--,--,--
4803,4803022,Claresholm1 5 8 *,T,3839,3817,3829,3865,3909,3895,3957,4008,4127
4803,4803024,Stavely,T,552,504,484,487,507,558,560,562,564
4803,4803026,Nanton,T,2220,2126,2157,2228,2227,2221,2274,2299,2446
4803,4803801,Piikani 147,IRI,1591,1565,1580,1604,1647,1626,1600,1554,1543
4803,4803802,Blood 148,IRI,4708,4791,4825,4897,4957,4712,4629,4563,4419
4803,4803803,Blood 148A,IRI,0,0,0,0,0,0,0,0,0
4803,4803805,"Peigan Timber Limit ""B"" ",IRI,0,4,4,4,4,17,17,17,27
4804,4804001,Acadia No. 34,MD,499,453,477,472,476,508,491,482,478
4804,4804004,Special Area No. 2,SA,1917,1989,1994,1972,1919,1899,1930,1943,1903
4804,4804006,Empress,VL,136,118,115,125,120,152,159,167,175
4804,4804011,Hanna,T,2587,2653,2607,2593,2628,2472,2492,2555,2653
4804,4804012,Special Area No. 3 5 *,SA,1051,1077,1075,1035,1021,1174,1097,1079,1045
4804,4804014,Oyen,T,1007,947,942,925,933,946,932,922,910
4804,4804016,Cereal5 *,VL,112,120,118,119,108,--,--,--,--
4804,4804019,Youngstown,VL,154,136,135,135,143,175,175,173,176
4804,4804020,Special Area No. 4,SA,1252,1281,1293,1269,1255,1263,1240,1253,1241
4804,4804021,Veteran,VL,209,177,193,196,182,220,218,222,225
4804,4804022,Consort,VL,732,697,678,667,679,666,667,660,669
4805,4805001,Vulcan County,MD,4082,4153,4160,4196,4183,4400,4364,4364,4392
4805,4805002,Carmangay,VL,245,237,245,246,244,274,284,287,291
4805,4805004,Champion,VL,322,294,291,302,304,361,379,399,438
4805,4805006,Vulcan,T,1948,1881,1882,1860,1837,1809,1825,1841,1899
4805,4805008,Lomond,VL,169,167,163,174,189,184,191,199,207
4805,4805009,Milo,VL,92,74,80,88,89,114,118,122,126
4805,4805011,Arrowwood,VL,212,190,187,168,147,194,196,198,200
4805,4805012,Wheatland County,MD,9007,9115,9211,9275,9306,8997,9247,9526,9823
4805,4805018,Strathmore,T,14084,14568,14721,14835,14961,14831,15298,15718,16189
4805,4805019,Hussar,VL,195,155,161,159,155,169,167,165,179
4805,4805021,Standard,VL,361,348,362,356,358,362,368,381,383
4805,4805022,Rockyford,VL,324,295,307,299,292,407,412,409,421
4805,4805026,Drumheller,T,8162,8266,8211,8171,8156,8176,8231,8359,8410
4805,4805031,Starland County,MD,2109,2020,1999,2002,1983,1876,1829,1833,1811
4805,4805034,Delia,VL,221,171,171,184,187,155,152,149,146
4805,4805036,Munson,VL,198,167,167,166,151,176,183,185,182
4805,4805038,Morrin,VL,246,195,189,190,197,211,209,217,224
4805,4805041,Kneehill County,MD,5125,5176,5140,5121,5097,5064,5015,4996,5022
4805,4805042,Carbon,VL,463,399,394,390,403,506,519,533,535
4805,4805044,Acme,VL,667,597,620,647,644,617,628,640,652
4805,4805046,Linden,VL,839,764,832,802,776,768,784,840,902
4805,4805048,Three Hills,T,3272,3270,3223,3217,3235,3264,3322,3419,3466
4805,4805049,Trochu,T,1071,976,970,966,951,1024,1030,1055,1179
4805,4805802,Siksika 146,IRI,3575,3611,3599,3634,3632,3688,3659,3651,3621
4806,4806001,Foothills County2 4 5 *,MD,23202,23484,23584,23761,23723,23851,24119,24549,25138
4806,4806006,High River5 *,T,13889,13988,14116,14046,14109,14740,14996,15265,15445
4806,4806008,Longview,VL,314,277,274,253,253,306,307,308,309
4806,4806009,Turner Valley7 *,T,2628,2626,2665,2691,2705,2686,2768,--,--
4806,4806010,Diamond Valley7 *,T,--,--,--,--,--,--,--,5678,5697
4806,4806011,Black Diamond4 7 *,T,2763,2715,2727,2676,2721,2804,2825,--,--
4806,4806012,Okotoks2 *,T,29709,29969,30263,30412,30846,31386,31913,32492,33096
4806,4806014,Rocky View County,MD,40373,40815,41227,41653,41891,42378,43700,45062,46581
4806,4806016,Calgary,CY,1278707,1289970,1306586,1330058,1351294,1356293,1395040,1478430,1569133
4806,4806017,Chestermere,CY,20620,21214,21509,21931,22326,23005,24338,26254,28938
4806,4806019,Cochrane,T,26860,28237,29694,31013,32087,33295,34697,36292,38014
4806,4806021,Airdrie,CY,63984,67157,69841,72412,74521,77079,80120,83756,88471
4806,4806022,Irricana,T,1254,1205,1184,1160,1156,1221,1233,1238,1255
4806,4806024,Beiseker,VL,835,745,727,742,744,774,797,800,792
4806,4806026,Crossfield,T,3065,3114,3215,3295,3397,3727,3889,3941,4045
4806,4806028,Mountain View County6 *,MD,13376,13251,13310,13489,13523,13368,13296,13510,13689
4806,4806029,Carstairs,T,4207,4353,4501,4631,4716,5055,5181,5192,5207
4806,4806031,Cremona,VL,456,402,410,383,382,453,457,461,465
4806,4806032,Didsbury,T,5389,5331,5340,5261,5173,5219,5172,5185,5202
4806,4806034,Olds6 *,T,9420,9348,9361,9414,9416,9473,9635,9682,9998
4806,4806036,Sundre,T,2796,2751,2722,2663,2574,2751,2744,2732,2730
4806,4806803,Eden Valley 216,IRI,617,569,585,588,596,625,628,623,621
4806,4806804,Tsuu T'ina Nation 145 (Sarcee 145),IRI,2330,2247,2225,2244,2461,2381,2414,2465,2500
4807,4807001,Provost No. 52,MD,2249,2218,2175,2214,2221,2123,2125,2113,2080
4807,4807002,Provost,T,2043,2079,2027,1994,1957,1957,1924,1895,1915
4807,4807004,Czar,VL,207,178,181,175,181,257,264,271,279
4807,4807006,Hughenden,VL,249,204,199,203,194,219,215,211,208
4807,4807008,Amisk,VL,209,177,182,188,187,225,223,226,215
4807,4807011,Paintearth County No. 18,MD,2156,2111,2112,2110,2103,2046,2058,2028,1986
4807,4807012,Coronation,T,949,886,900,878,884,888,908,906,897
4807,4807014,Castor,T,943,844,836,826,829,824,864,865,886
4807,4807016,Halkirk,VL,114,87,92,96,98,95,95,95,95
4807,4807019,Stettler County No. 62 5 *,MD,5429,5649,5941,5925,5921,5831,5760,5852,5893
4807,4807021,Big Valley,VL,350,297,300,308,334,339,336,333,330
4807,4807022,Gadsby5 *,VL,41,47,61,54,56,--,--,--,--
4807,4807024,Botha2 *,VL,209,216,--,--,--,--,--,--,--
4807,4807026,Stettler,T,6101,6114,6049,6066,6059,5846,5761,5787,5927
4807,4807027,White Sands,SV,121,108,104,112,112,178,182,185,186
4807,4807028,Rochon Sands,SV,87,75,70,75,70,99,102,105,109
4807,4807029,Donalda,VL,222,168,171,168,168,231,233,235,237
4807,4807031,Flagstaff County1 4 6 *,MD,3808,3910,3930,3920,3868,3794,3735,3709,3653
4807,4807032,Alliance1 *,VL,155,150,140,142,145,170,173,176,158
4807,4807036,Forestburg4 *,VL,891,841,818,842,826,827,856,846,834
4807,4807038,Heisler,VL,163,145,141,135,136,138,136,134,132
4807,4807039,Daysland,T,834,781,775,769,813,810,839,856,882
4807,4807042,Killam,T,1010,959,956,933,931,943,926,935,913
4807,4807044,Sedgewick,T,830,773,780,772,789,787,771,781,797
4807,4807046,Lougheed,VL,260,203,212,214,221,231,230,229,228
4807,4807048,Hardisty,T,564,520,519,483,490,564,573,593,623
4807,4807049,Wainwright No. 613 6 *,MD,4575,4704,4646,4630,4605,4590,4544,4522,4493
4807,4807051,Chauvin,VL,342,298,270,247,242,313,299,289,290
4807,4807052,Edgerton,VL,396,349,346,346,338,397,408,403,396
4807,4807054,Wainwright3 *,T,6421,6696,6710,6801,6783,6860,6741,6755,6908
4807,4807056,Irma6 *,VL,533,476,478,489,507,492,494,511,487
4808,4808001,Red Deer County3 *,MD,20015,20228,20716,20921,21035,20555,20916,21325,21728
4808,4808002,Elnora,VL,301,255,266,265,256,294,305,308,313
4808,4808004,Delburne,VL,914,866,849,850,853,948,952,936,954
4808,4808005,Jarvis Bay,SV,217,184,182,178,196,219,223,224,222
4808,4808006,Bowden,T,1273,1233,1237,1271,1274,1323,1297,1309,1316
4808,4808008,Innisfail,T,8014,8006,7922,7906,7836,8224,8337,8516,8714
4808,4808009,Penhold3 *,T,3404,3423,3540,3622,3708,3640,3679,3701,3725
4808,4808011,Red Deer,CY,103330,103957,104503,104990,104962,104361,105176,108891,112917
4808,4808012,Sylvan Lake,T,15288,15682,16015,16206,16232,16597,16960,17094,17477
4808,4808013,Norglenwold,SV,281,253,241,248,249,313,320,327,334
4808,4808022,Lacombe County,MD,10486,10514,10610,10589,10634,10598,10607,10795,10906
4808,4808023,Birchcliff,SV,119,109,124,129,136,216,233,252,272
4808,4808024,Eckville,T,1154,1067,1044,1031,1057,1048,1079,1107,1115
4808,4808025,Half Moon Bay,SV,42,37,41,45,38,66,61,58,65
4808,4808026,Bentley,T,1108,1016,1014,1018,1010,1074,1101,1101,1118
4808,4808027,Sunbreaker Cove,SV,82,82,81,86,85,132,131,136,136
4808,4808028,Gull Lake,SV,179,160,170,177,174,230,239,249,259
4808,4808029,Blackfalds,T,9929,10274,10680,10956,11179,11084,11363,11664,11978
4808,4808031,Lacombe,CY,13366,13399,13566,13683,13854,13827,14127,14292,14558
4808,4808032,Clive,VL,735,684,711,712,713,811,836,862,889
4808,4808034,Alix,VL,751,697,697,729,738,796,817,822,860
4808,4808038,Ponoka County,MD,10053,10202,10224,10273,10240,10314,10376,10355,10446
4808,4808039,Ponoka,T,7404,7409,7362,7393,7377,7559,7723,7954,7991
4808,4808042,Parkland Beach,SV,155,137,135,128,132,170,168,172,175
4808,4808044,Rimbey,T,2622,2570,2509,2540,2576,2534,2517,2562,2571
4808,4808811,Samson 137,IRI,3473,3423,3439,3450,3477,3365,3391,3396,3419
4808,4808812,Samson 137A,IRI,27,24,25,22,24,20,20,20,20
4808,4808813,Montana 139,IRI,648,600,608,617,624,619,621,622,626
4809,4809002,Clearwater County,MD,12177,12321,12426,12451,12418,12216,12015,11935,11940
4809,4809005,Burnstick Lake,SV,16,13,10,10,11,21,28,28,29
4809,4809010,Caroline,VL,521,475,444,449,433,489,498,507,516
4809,4809015,Rocky Mountain House,T,6771,6814,6738,6661,6595,6993,7125,7519,7885
4809,4809806,O'Chiese 203,IRI,811,772,765,797,812,834,841,852,863
4809,4809809,Sunchild 202,IRI,768,695,707,722,722,668,658,660,661
4809,4809810,Big Horn 144A,IRI,244,209,218,217,219,248,248,248,248
4810,4810001,Camrose County4 *,MD,8665,8712,8789,8763,8990,8746,8798,8800,8873
4810,4810002,Bashaw,T,844,772,781,774,755,868,880,892,904
4810,4810003,Rosalind,VL,191,157,158,148,154,166,176,183,185
4810,4810004,Ferintosh4 *,VL,207,218,227,223,--,--,--,--,--
4810,4810006,Edberg,VL,154,126,122,121,123,130,128,127,126
4810,4810009,Bawlf,VL,436,373,381,386,389,425,428,421,400
4810,4810011,Camrose,CY,19234,19490,19559,19759,19697,19361,19580,20115,20587
4810,4810012,Bittern Lake,VL,226,185,196,190,187,222,226,226,224
4810,4810014,Hay Lakes,VL,509,445,460,472,469,468,458,448,438
4810,4810016,Beaver County,MD,6029,6118,6073,6062,6013,6044,6093,6055,6149
4810,4810018,Tofield,T,2126,2057,1989,1968,1946,2104,2113,2138,2122
4810,4810019,Ryley,VL,494,460,462,457,432,497,506,509,489
4810,4810021,Holden,VL,355,286,301,299,309,346,352,342,368
4810,4810022,Viking,T,1101,1013,975,958,937,1012,994,966,969
4810,4810026,Minburn County No. 27,MD,3255,3246,3227,3144,3107,3102,3069,3122,3119
4810,4810028,Vegreville,T,5817,5882,5875,5768,5754,5848,5819,6036,6109
4810,4810031,Innisfree,VL,196,170,173,170,160,191,193,194,201
4810,4810034,Mannville,VL,844,737,737,729,720,787,797,774,812
4810,4810036,Vermilion River County5 6 *,MD,8442,8472,8392,8352,8332,8272,8234,8136,8109
4810,4810038,Paradise Valley,VL,184,150,154,159,167,158,158,158,181
4810,4810039,Lloydminster (Part)6 *,CY,20127,20609,20695,20865,20783,20423,20418,20711,21100
4810,4810041,Kitscoty,VL,951,927,896,852,831,881,923,939,959
4810,4810042,Vermilion,T,4166,4104,4076,4098,4159,4078,3978,4064,4132
4810,4810044,Marwayne,VL,583,530,532,492,485,566,565,576,551
4810,4810046,Dewberry5 *,VL,191,198,205,187,185,--,--,--,--
4810,4810048,Two Hills County No. 212 *,MD,3403,3357,3637,3641,3623,3514,3574,3552,3578
4810,4810051,Myrnam,VL,345,297,293,286,276,263,256,249,242
4810,4810052,Two Hills,T,1382,1301,1336,1392,1362,1461,1521,1552,1596
4810,4810056,Willingdon2 *,VL,327,320,--,--,--,--,--,--,--
4810,4810058,Lamont County2 *,MD,3936,3913,3859,3859,3866,3855,3849,3870,3874
4810,4810059,Andrew,VL,432,373,369,357,364,374,378,376,403
4810,4810061,Mundare,T,868,777,793,782,785,812,867,883,871
4810,4810062,Chipman,VL,280,255,246,228,233,253,269,278,283
4810,4810064,Lamont,T,1808,1712,1691,1696,1718,1789,1768,1788,1804
4810,4810066,Bruderheim2 *,T,1338,1305,1320,1292,1288,1379,1392,1403,1418
4810,4810068,Improvement District No. 13 Elk Island,ID,0,0,1,1,1,0,0,0,0
4810,4810805,Makaoo (Part) 120,IRI,214,176,178,174,180,178,178,180,180
4811,4811001,Wetaskiwin County No. 10 1 2 8 *,MD,11425,11510,11495,11506,11483,11514,11530,11642,11788
4811,4811002,Wetaskiwin,CY,12958,12915,12800,12736,12536,12957,12961,13144,13412
4811,4811003,Argentia Beach,SV,27,24,24,26,22,39,39,38,36
4811,4811004,Grandview1 *,SV,115,101,103,107,111,145,153,160,172
4811,4811005,Poplar Bay 8 *,SV,104,96,91,96,92,114,117,117,97
4811,4811006,Crystal Springs,SV,51,49,47,57,49,75,76,76,76
4811,4811007,Norris Beach,SV,38,40,42,43,46,73,69,68,70
4811,4811008,Ma-Me-O Beach 8 *,SV,111,98,104,103,93,129,127,125,123
4811,4811009,Silver Beach,SV,65,50,55,53,54,56,56,54,54
4811,4811011,Millet2 5 *,T,1985,1885,1879,1873,1838,1951,1924,1958,1978
4811,4811012,Leduc County1 3 *,MD,14122,14427,14574,14122,14138,14886,15113,15398,15570
4811,4811013,Beaumont1 *,CY,18049,18794,19411,19998,20569,21688,22277,23238,24593
4811,4811016,Leduc,CY,30973,31986,32650,33313,34126,35368,36017,37150,38543
4811,4811018,Devon,T,6736,6679,6635,6579,6643,6740,6787,6785,6830
4811,4811019,Calmar,T,2312,2266,2286,2305,2319,2264,2286,2327,2335
4811,4811020,Sundance Beach,SV,74,54,60,63,65,42,41,42,43
4811,4811021,Thorsby,T,1017,914,940,940,923,998,1003,992,981
4811,4811022,Itaska Beach,SV,23,21,25,23,24,30,30,30,29
4811,4811023,Golden Days,SV,163,157,161,160,163,253,251,250,252
4811,4811024,Warburg,VL,785,701,703,710,708,695,702,695,684
4811,4811026,Breton,VL,588,527,520,479,476,583,576,569,553
4811,4811031,Drayton Valley,T,7428,7345,7325,7212,7124,7545,7482,7674,7898
4811,4811032,Brazeau County,MD,7990,7831,7828,7785,7753,7410,7427,7440,7526
4811,4811034,Parkland County5 *,MD,32840,33063,33128,33259,33144,33151,33284,33438,33671
4811,4811038,Seba Beach,SV,173,156,164,144,140,232,233,236,242
4811,4811039,Betula Beach,SV,16,16,14,16,15,28,28,25,26
4811,4811041,Point Alison,SV,10,10,10,10,10,18,18,19,19
4811,4811042,Lakeview,SV,30,27,30,31,32,29,28,29,29
4811,4811044,Kapasiwin,SV,10,10,11,11,12,24,26,31,28
4811,4811045,Wabamun5 *,VL,694,697,679,663,666,--,--,--,--
4811,4811046,Spring Lake,VL,724,660,662,687,683,733,762,773,769
4811,4811048,Stony Plain,T,17678,18008,18174,18316,18273,18556,18737,19054,19300
4811,4811049,Spruce Grove5 *,CY,35324,36395,37437,38097,38883,39068,39962,40978,42513
4811,4811052,Strathcona County4 *,SM,100678,101448,101842,102323,102572,102426,103185,103971,105218
4811,4811056,Fort Saskatchewan4 *,CY,25060,26087,26671,27201,27549,28567,28969,29266,29716
4811,4811059,Sturgeon County6 *,MD,21081,21085,21115,20962,20843,20733,20785,20806,20879
4811,4811061,Edmonton3 *,CY,964639,983238,1002920,1026499,1046556,1050945,1073454,1125934,1190457
4811,4811062,St. Albert6 *,CY,67342,68244,68769,69154,69650,70389,70773,71881,73110
4811,4811064,Gibbons,T,3261,3227,3168,3143,3098,3332,3305,3293,3290
4811,4811065,Redwater,T,2111,2027,2058,2078,2106,2189,2185,2186,2210
4811,4811066,Bon Accord,T,1566,1526,1532,1501,1466,1514,1524,1475,1440
4811,4811068,Morinville,T,10167,10283,10337,10485,10462,10753,10763,10758,10753
4811,4811069,Legal,T,1385,1318,1324,1299,1257,1276,1295,1282,1293
4811,4811801,Ermineskin 138,IRI,2536,2409,2434,2456,2452,2340,2309,2296,2219
4811,4811802,Pigeon Lake 138A 8 *,IRI,436,354,354,358,359,299,298,302,317
4811,4811803,Louis Bull 138B,IRI,1215,1218,1252,1280,1304,1370,1382,1377,1392
4811,4811804,Stony Plain 135,IRI,1762,1721,1748,1766,1792,1897,1918,1944,1935
4811,4811805,Alexander 134,IRI,1129,1075,1062,1072,1086,1112,1112,1116,1122
4811,4811806,Wabamun 133A,IRI,1635,1432,1442,1451,1461,1018,1014,1014,1004
4811,4811807,Wabamun 133B,IRI,31,27,26,26,27,21,22,22,23
4812,4812002,Cold Lake3 *,CY,15549,15929,15978,16088,16182,16345,16361,16924,17579
4812,4812004,Bonnyville No. 87 1 3 6 *,MD,13078,13261,13411,13522,13665,13250,13139,12959,12959
4812,4812009,Bonnyville 1 *,T,6118,6167,6168,6204,6156,6624,6632,6880,7092
4812,4812011,Bonnyville Beach,SV,86,66,71,77,73,72,70,69,69
4812,4812012,Glendon,VL,506,464,463,441,434,533,534,533,536
4812,4812013,Pelican Narrows,SV,154,137,139,131,135,161,161,161,159
4812,4812014,St. Paul County No. 19,MD,6159,6304,6335,6362,6393,6477,6430,6423,6372
4812,4812016,Elk Point,T,1489,1422,1391,1316,1248,1442,1455,1438,1449
4812,4812018,St. Paul,T,5983,6007,6127,6178,6191,6052,5805,5893,6004
4812,4812020,Horseshoe Bay,SV,50,46,44,47,51,84,85,81,85
4812,4812022,Smoky Lake County,MD,4196,4152,4144,4175,4195,3983,3980,3953,3945
4812,4812024,Vilna,VL,295,239,229,240,239,274,274,273,271
4812,4812026,Waskatenau,VL,191,177,169,170,184,256,272,289,307
4812,4812029,Smoky Lake,T,979,919,923,916,924,1052,1074,1087,1143
4812,4812037,Lac la Biche County,SM,8526,8576,8536,8603,8563,8365,8309,8300,8401
4812,4812038,Improvement District No. 3496 *,ID,0,0,0,0,1,15,15,15,15
4812,4812802,Unipouheos 121,IRI,935,870,868,852,881,903,914,917,907
4812,4812804,Puskiakiwenin 122,IRI,555,526,532,538,535,583,582,593,597
4812,4812806,Saddle Lake 125,IRI,4042,4055,4075,4079,4114,3912,3902,3861,3847
4812,4812808,White Fish Lake 128,IRI,1352,1262,1238,1266,1276,1130,1125,1115,1110
4812,4812810,Cold Lake 149,IRI,689,639,642,653,660,687,687,682,686
4812,4812811,Kehewin 123,IRI,994,969,950,966,985,1065,1055,1050,1047
4812,4812813,Cold Lake 149A,IRI,41,39,37,38,40,70,70,70,70
4812,4812815,Cold Lake 149B,IRI,167,145,142,141,143,186,187,185,185
4812,4812828,Beaver Lake 131,IRI,427,387,387,390,392,416,409,404,405
4812,4812840,Heart Lake 167,IRI,190,171,170,169,168,219,218,217,216
4813,4813001,Lac Ste. Anne County,MD,11062,11373,11491,11445,11387,11629,11881,12085,12351
4813,4813002,Mayerthorpe,T,1347,1254,1255,1233,1212,1379,1359,1360,1378
4813,4813003,Nakamun Park,SV,97,84,85,84,82,79,78,79,80
4813,4813005,Val Quentin,SV,256,211,215,215,213,161,164,166,170
4813,4813006,West Cove,SV,152,146,152,150,165,228,245,264,284
4813,4813007,Yellowstone,SV,140,123,106,102,98,121,119,117,115
4813,4813008,Ross Haven,SV,163,139,133,136,127,129,126,123,120
4813,4813009,Castle Island,SV,10,7,8,7,8,15,15,15,17
4813,4813010,Silver Sands,SV,163,161,164,159,147,219,227,235,243
4813,4813011,Sunset Point,SV,172,168,167,155,151,263,265,267,269
4813,4813012,Alberta Beach,VL,1043,956,1008,982,966,887,870,854,838
4813,4813013,Birch Cove,SV,45,42,39,42,42,68,68,70,69
4813,4813014,Onoway,T,1046,972,925,869,837,995,1020,998,991
4813,4813015,South View,SV,68,64,65,66,65,73,71,72,74
4813,4813016,Sandy Beach,SV,284,232,234,235,226,285,284,281,287
4813,4813017,Sunrise Beach,SV,138,119,120,121,120,157,160,163,166
4813,4813018,Barrhead County No. 11,MD,6436,6390,6362,6350,6356,6047,6086,6052,6051
4813,4813019,Barrhead,T,4663,4632,4651,4663,4627,4437,4503,4537,4580
4813,4813028,Westlock County,MD,7370,7461,7432,7366,7304,7385,7420,7384,7406
4813,4813029,Woodlands County4 *,MD,4861,4808,4819,4863,4842,4691,4693,4679,4674
4813,4813030,Whitecourt4 *,T,10534,10597,10579,10439,10303,10308,10090,10190,10350
4813,4813031,Westlock,T,5189,5184,5135,5040,5015,5053,5022,5147,5239
4813,4813032,Clyde,VL,439,368,372,374,400,428,403,394,402
4813,4813033,Larkspur,SV,45,41,44,43,44,54,56,54,53
4813,4813036,Thorhild County,MD,3314,3275,3201,3209,3177,3128,3089,3111,3069
4813,4813044,Athabasca County,MD,8048,7935,7872,7784,7732,7153,7097,7136,7118
4813,4813045,Mewatha Beach,SV,90,82,86,82,81,104,105,101,96
4813,4813046,Boyle,VL,863,776,784,794,788,849,848,848,846
4813,4813047,Sunset Beach,SV,49,42,41,43,45,56,62,65,65
4813,4813048,Athabasca,T,3028,2905,2886,2893,2845,2842,2827,2900,2894
4813,4813049,Island Lake,SV,232,188,185,175,174,178,171,164,163
4813,4813051,Island Lake South,SV,62,57,60,52,52,84,82,80,82
4813,4813053,Bondiss,SV,111,97,93,92,91,126,127,134,131
4813,4813055,South Baptiste,SV,67,59,60,57,55,71,77,83,87
4813,4813057,West Baptiste,SV,38,34,33,30,35,47,45,45,48
4813,4813061,Whispering Hills,SV,145,123,130,117,117,131,131,131,131
4813,4813811,Alexis 133,IRI,776,740,744,753,778,800,799,804,810
4813,4813829,Alexander 134B,IRI,5,5,4,3,2,5,5,5,5
4813,4813830,Alexis Whitecourt 232,IRI,0,0,0,0,0,0,0,0,0
4814,4814003,Yellowhead County,MD,11213,11174,11168,11231,11193,10722,10787,10878,10923
4814,4814019,Hinton,T,10122,10096,10112,10224,10264,10170,9933,9907,10042
4814,4814024,Edson,T,8615,8596,8451,8402,8253,8655,8399,8509,8595
4814,4814028,Improvement District No. 25 Willmore Wilderness,ID,0,0,0,0,0,0,0,0,0
4815,4815007,Crowsnest Pass,SM,5711,5672,5768,5863,5874,5880,5910,6045,6087
4815,4815013,Kananaskis,ID,231,194,200,213,235,163,152,142,133
4815,4815015,Bighorn No. 8,MD,1367,1390,1442,1511,1571,1646,1658,1761,1807
4815,4815023,Canmore,T,14421,15073,15233,15351,15702,16629,16817,17092,17200
4815,4815027,Ghost Lake,SV,82,70,73,75,78,83,83,82,75
4815,4815030,Waiparous,SV,50,45,47,47,41,58,58,62,64
4815,4815032,Improvement District No. 9 Banff,ID,1073,1054,1065,1058,1010,1047,1066,1099,1100
4815,4815033,Jasper,SM,4752,4872,4875,4802,4716,4933,4773,4851,4780
4815,4815035,Banff,T,8151,8427,8684,9022,9311,8574,9347,10341,10944
4815,4815037,Improvement District No. 12 Jasper Park,ID,54,40,27,34,31,0,0,0,0
4815,4815045,Ranchland No. 66,MD,94,81,81,75,79,113,108,103,99
4815,4815802,"Stoney 142, 143, 144",IRI,3834,3789,3876,3983,4115,3881,3865,3907,3881
4815,4815815,Stoney 142B,IRI,10,8,6,4,2,11,11,11,11
4816,4816037,Wood Buffalo1 8 *,SM,73661,72349,73463,74617,75414,75282,75122,76820,80568
4816,4816051,Improvement District No. 24 Wood Buffalo,ID,669,634,655,676,702,739,760,783,775
4816,4816810,Fort Mckay 1741 *,IRI,--,656,657,654,659,643,639,639,669
4816,4816817,Janvier 1941 *,IRI,430,358,367,369,375,373,373,373,376
4816,4816821,Gregoire Lake 176,IRI,194,175,165,162,165,210,210,210,239
4816,4816822,Gregoire Lake 176A,IRI,133,111,110,116,114,134,134,134,132
4816,4816831,Chipewyan 201A5 *,IRI,0,0,0,0,0,--,--,--,--
4816,4816849,Old Fort 217,IRI,0,0,0,0,0,0,0,0,0
4816,4816850,Allison Bay 219,IRI,129,101,105,102,107,117,117,117,117
4816,4816852,Dog Head 218,IRI,100,84,85,84,81,87,87,86,88
4816,4816859,Fort Mackay1 *,S-É,760,--,--,--,--,--,--,--,--
4816,4816860,Thebathi 1961 *,IRI,20,18,18,20,17,16,16,16,16
4816,4816861,Thabacha Náre 196A,IRI,27,23,22,24,20,29,29,29,29
4816,4816862,Chipewyan 201A 8 *,IRI,--,--,--,--,--,--,--,--,30
4817,4817021,High Prairie,T,2631,2653,2618,2599,2504,2463,2474,2458,2570
4817,4817024,Swan Hills,T,1327,1297,1310,1276,1243,1239,1301,1338,1366
4817,4817026,Northern Sunrise County1 *,MD,1938,1953,1880,1836,1798,1764,1765,1827,1820
4817,4817027,Big Lakes County,MD,5791,5728,5718,5679,5602,5132,5054,5033,4982
4817,4817029,Slave Lake,T,6887,7185,7110,7058,6967,7109,6934,6944,7110
4817,4817031,Opportunity No. 171 *,MD,3264,3430,3460,3477,3448,3500,3422,3411,3491
4817,4817033,Lesser Slave River No.124,MD,2862,2941,2909,2908,2873,2941,2895,2922,2943
4817,4817039,Nampa,VL,373,333,317,340,337,381,395,410,425
4817,4817062,Clear Hills1 *,MD,3096,3103,3145,3222,3198,3100,3080,3084,3086
4817,4817064,Hines Creek,VL,354,303,309,297,272,345,350,356,359
4817,4817076,Northern Lights County,MD,4295,4426,4408,4405,4331,4248,4156,4104,4080
4817,4817078,Manning,T,1215,1153,1162,1144,1104,1161,1150,1149,1133
4817,4817093,High Level,T,3256,3511,3468,3523,3560,4051,3937,3982,4134
4817,4817095,Mackenzie County,SM,11492,12252,12582,12879,13164,13279,13557,13735,14055
4817,4817097,Rainbow Lake,T,810,697,653,650,600,508,502,474,450
4817,4817817,Jean Baptiste Gambler 1831 *,IRI,263,204,206,204,202,216,215,215,215
4817,4817818,Wabasca 166,IRI,165,138,140,140,140,162,164,164,165
4817,4817819,Wabasca 166A1 *,IRI,674,537,542,565,575,575,574,575,581
4817,4817821,Wabasca 166B,IRI,196,151,149,148,149,94,91,91,92
4817,4817822,Wabasca 166C,IRI,193,163,162,157,164,183,183,183,185
4817,4817823,Wabasca 166D,IRI,988,922,874,891,872,661,668,667,660
4817,4817824,Utikoomak Lake 155,IRI,744,726,750,769,795,832,830,838,845
4817,4817825,Clear Hills 152C1 *,IRI,0,4,3,2,1,6,6,6,6
4817,4817826,Kapawe'no First Nation 231,IRI,,25,22,17,9,5,5,6,5
4817,4817827,Utikoomak Lake 155A,IRI,131,108,108,111,111,123,121,122,122
4817,4817828,Drift Pile River 150,IRI,850,802,817,821,822,800,794,793,795
4817,4817829,Sucker Creek 150A,IRI,706,664,670,683,695,726,717,719,734
4817,4817830,Kapawe'no First Nation (Pakashan 150D),IRI,5,5,5,4,3,5,5,5,6
4817,4817831,Swan River 150E,IRI,425,370,379,375,382,413,424,432,429
4817,4817832,Sawridge 150G,IRI,20,21,21,21,22,42,40,40,40
4817,4817833,Sawridge 150H,IRI,10,9,10,10,9,10,9,9,9
4817,4817834,Peerless Trout 238,IRI,0,0,0,0,0,0,0,0,0
4817,4817835,Fox Lake 162,IRI,2094,2212,2300,2389,2474,2588,2639,2674,2690
4817,4817836,Kapawe'no First Nation (Freeman 150B),IRI,159,114,110,111,110,44,44,44,44
4817,4817837,John d'Or Prairie 215,IRI,1232,1089,1094,1136,1153,730,742,753,776
4817,4817838,Tall Cree 173,IRI,257,227,246,246,259,293,292,293,292
4817,4817840,Tall Cree 173A,IRI,231,195,199,202,197,209,210,211,211
4817,4817841,Beaver Ranch 163,IRI,10,10,7,10,10,15,15,15,15
4817,4817842,Boyer 164,IRI,224,171,175,173,165,126,126,123,124
4817,4817843,Child Lake 164A,IRI,221,171,176,175,176,178,179,178,177
4817,4817845,Hay Lake 209,IRI,913,914,908,896,885,992,975,956,942
4817,4817848,Bushe River 207,IRI,517,476,488,490,505,507,502,502,502
4817,4817849,Upper Hay River 212,IRI,303,294,293,286,293,391,389,380,375
4817,4817850,Woodland Cree 227,IRI,,13,12,9,7,31,31,32,32
4817,4817853,Little Buffalo,S-É,466,417,425,439,455,455,446,452,455
4817,4817854,Carcajou 187,S-É,0,0,0,0,0,0,0,0,0
4817,4817855,Desmarais1 *,S-É,109,93,89,84,86,121,118,115,117
4817,4817856,Woodland Cree 2261 *,IRI,745,663,658,654,667,678,675,669,685
4817,4817857,Woodland Cree 228,IRI,154,132,131,136,137,166,166,164,164
4817,4817859,Fort Vermilion 173B,IRI,99,81,78,78,77,77,77,77,78
4817,4817860,Loon Lake 2351 *,IRI,574,504,511,511,529,509,493,489,498
4817,4817865,Kapawe'no 229,IRI,,13,13,12,11,101,100,98,99
4818,4818002,Fox Creek,T,2003,2007,1933,1869,1763,1850,1841,1883,1897
4818,4818005,Grande Cache3 *,T,3628,3436,3393,--,--,--,--,--,--
4818,4818015,Greenview No. 163 *,MD,5664,5726,5723,9125,9069,8868,8868,8735,8715
4818,4818018,Valleyview,T,1894,1786,1787,1755,1720,1724,1694,1725,1752
4818,4818816,Sturgeon Lake 154,IRI,1474,1420,1432,1411,1401,1334,1339,1325,1320
4818,4818818,Sturgeon Lake 154A,IRI,55,45,48,48,48,40,40,40,40
4819,4819006,Grande Prairie County No. 16 *,MD,23120,23573,23877,24304,24550,24550,25624,25925,26343
4819,4819008,Hythe6 *,VL,844,736,748,739,700,875,--,--,--
4819,4819009,Beaverlodge,T,2524,2485,2453,2442,2407,2342,2371,2371,2445
4819,4819011,Wembley,T,1560,1462,1508,1550,1542,1501,1529,1500,1512
4819,4819012,Grande Prairie,CY,65213,65817,67655,68222,68317,66586,65614,67279,69377
4819,4819014,Sexsmith,T,2698,2608,2694,2752,2723,2511,2506,2455,2483
4819,4819038,Peace River,T,7044,6930,6865,6745,6745,6853,6741,6882,7102
4819,4819041,Smoky River No. 1301 *,MD,2079,2000,1990,1977,1951,1960,1906,1890,1893
4819,4819042,McLennan,T,713,655,645,621,610,715,719,705,729
4819,4819044,Donnelly1 *,VL,352,318,299,300,307,349,347,345,343
4819,4819046,Falher,T,1068,991,986,1012,1016,1037,1034,1050,1093
4819,4819048,Girouxville,VL,224,199,205,201,199,287,287,291,300
4819,4819049,Birch Hills County,MD,1581,1519,1505,1506,1496,1567,1557,1547,1529
4819,4819054,Spirit River No. 133,MD,715,641,680,683,708,666,669,653,663
4819,4819056,Rycroft,VL,624,578,538,531,535,568,574,602,619
4819,4819058,Spirit River,T,1018,995,992,967,930,1022,998,1012,985
4819,4819059,Saddle Hills County,MD,2274,2255,2230,2227,2224,2414,2464,2484,2495
4819,4819066,Fairview No. 136,MD,1638,1586,1551,1546,1554,1626,1603,1615,1629
4819,4819068,Fairview,T,3067,3028,2963,2928,2892,2912,2914,2879,2880
4819,4819071,Peace No. 1351 *,MD,1793,1712,1714,1710,1711,1620,1603,1580,1572
4819,4819072,Berwyn,VL,550,505,481,491,492,595,598,589,593
4819,4819074,Grimshaw,T,2794,2736,2737,2678,2618,2687,2652,2598,2646
4819,4819815,Horse Lakes 152B,IRI,482,463,460,455,460,504,505,509,515
4819,4819826,Duncan's 151A,IRI,154,120,125,126,115,115,116,115,115
,,,,,,,,,,,,
,,,,,,,,,,,,
,,,,,,,,,,,,
,,,,,,,,,,,,
Sources:," Alberta Office of Statistics and Information, Demography and Social Statistics",,,,,,,,,,,
,"Last Updated: January 16, 2024",,,,,,,,,,,
,,,,,,,,,,,,
Notes:,Postcensal estimates are based on the 2021 census counts adjusted for census net undercoverage (including adjustment for incompletely enumerated Indian reserves) and on the estimated population growth that occurred since.,,,,,,,,,,,
,All estimates subject to revision.,,,,,,,,,,,
,"Estimates refer to municipal boundaries as of January 1st of the year referenced. As such, some estimates reflect changes to geographic boundaries as well as population change. Two types of boundary adjustments are accounted for: dissolutions/amalglamations, where one municipality ceases to exist as a municipality and is amalglamated into the surrounding CSD, and annexations or boundary corrections, where part of a CSD is allocated elsewhere.",,,,,,,,,,,
,Any discrepancies between Statistics Canada's estimates and the Alberta Office of Statistics and Information are due to different boundaries - see below.,,,,,,,,,,,
,"1 Boundary adjustment as of January 1, 2017",,,,,,,,,,,
,"2 Boundary adjustment as of January 1, 2018",,,,,,,,,,,
,"3 Boundary adjustment as of January 1, 2019",,,,,,,,,,,
,"4 Boundary adjustment as of January 1, 2020",,,,,,,,,,,
,"5 Boundary adjustment as of January 1, 2021",,,,,,,,,,,
,"6 Boundary adjustment as of January 1, 2022",,,,,,,,,,,
,"7 Boundary adjustment as of January 1, 2023",,,,,,,,,,,
,"8 Boundary adjustment as of January 1, 2024",,,,,,,,,,,
,"* Due to boundary change in year stated, annual growth against previous year in this region should be used with caution",,,,,,,,,,,
,,,,,,,,,,,,
Caution:," Population estimates for CSDs sometimes consist of small numbers. Estimates with such a high degree of detail may show a level of uncertainty that is more important. Thus, estimates for smaller numbers should be interpreted with caution.",,,,,,,,,,,
,,,,,,,,,,,,
,,,,,,,,,,,,
,,,,,,,,,,,,
,,,,,,,,,,,,
,,,,,,,,,,,,
,,,,,,,,,,,,
,,,,,,,,,,,,
,,,,,,,,,,,,
